Letter,Name,Date
A,Angel,
B,Brixton,2013-02-10
C,City of London,
D,Dalston,2015-10-02
E,Euston,2015-02-06
F,Farringdon & Clerkenwell,2013-08-03
G,Greenwich,2013-04-19
H,Hampstead & Highgate,2014-10-31
I,Isle of Dogs,2015-05-22
J,St James's & Mayfair,2014-04-25
K,Kennington & Oval,2018-05-18
L,Limehouse & Wapping,2013-06-07
M,Marylebone,2013-08-16
N,Notting Hill,2014-04-11
O,Old Street,
P,Peckham & Camberwell,2013-10-04
Q,Queen's Park & Kilburn,2018-02-23
R,Richmond,
S,Stoke Newington,2018-09-21
T,The Thames,
U,Unusual,
V,Victoria & Pimlico,
W,Wandsworth,2016-03-11
X,Cross-Rail,
Y,Ye Olde,
Z,Zone ons,